show_id,type,title,director,cast,country,date_added,release_year,rating,duration,listed_in,description,
755,s756,Movie,Kitty Love: An Homage to Cats,Unknown,Nicolette Kluijver,Netherlands,"June 5, 2021",2021,TV-G,61 min,"Children & Family Movies, Documentaries, International Movies","Famous feline Abatutu presents this charming celebration of cats, showcasing their finest and friskiest moments with a collection of home videos."
975,s976,Movie,Shadow and Bone - The Afterparty,Unknown,"David Spade, London Hughes, Fortune Feimster, Ben Barnes, Jessie Mei Li, Archie Renaux, Amita Suman, Freddy Carter, Kit Young",United States,"April 24, 2021",2021,TV-14,33 min,"Action & Adventure, Comedies, Dramas","Stars of Netflix's ""Shadow and Bone"" discuss the show's epic combat scenes, answer some fan questions and play an ""Army vs. Crows"" trivia game."
998,s999,Movie,Searching For Sheela,Unknown,Ma Anand Sheela,India,"April 22, 2021",2021,TV-14,58 min,"Documentaries, International Movies",Journalists and fans await Ma Anand Sheela as the infamous former Rajneesh commune���s spokesperson returns to India after decades for an interview
1157,s1158,Movie,Bad Trip,Unknown,"Eric Andr��, Lil Rel Howery, Tiffany Haddish, Michaela Co",United States,"March 26, 2021",2021,TV-MA,87 min,Comedies,"In this hidden-camera prank comedy, two best friends bond on a wild road trip to New York as they pull real people into their raunchy, raucous antics."
1287,s1288,Movie,Fate: The Winx Saga - The Afterparty,Unknown,"David Spade, London Hughes, Fortune Feimster, Abigail Cowen, Hannah Van Der Westhuysen, Precious Mustapha, Eliot Salt, Elisha Applebaum",United Kingdom,"February 20, 2021",2021,TV-14,36 min,"Comedies, Dramas","Stars of the fiery hit discuss the show's magic, play trivia and chow down on hot wings. Then, Taylor Tomlinson shares how she would use fairy powers."
1431,s1432,Movie,Stuck Apart,Unknown,"Engin G��nayd��n, Haluk Bilginer, Binnur Kaya, ��ner Erkan, ��rem Sak, Fatih Artman, G��l��in Sant��rc��o��lu, ��lker Aksum, H��lya",Turkey,"January 8, 2021",2021,TV-MA,97 min,"Comedies, Dramas, International Movies","Entrenched in a midlife crisis, Aziz seeks solace from his mundane job, lonesome friends and rowdy family while pretending to have his act together."
1553,s1554,Movie,The Netflix Afterparty: The Best Shows of The Worst Year,Unknown,"David Spade, London Hughes, Fortune Feimster",United States,"December 13, 2020",2020,TV-MA,59 min,Comedies,"David Spade, Fortune Feimster and London Hughes welcome guests from ""Tiger King,"" ""Emily in Paris,"" ""The Queen's Gambit"" and more. Plus: Kevin Hart."
1577,s1578,Movie,Emicida: AmarElo - It���s All For Yes,Unknown,Emicida,Brazil,"December 8, 2020",2020,TV-MA,90 min,"Documentaries, International Movies, Music & Musicals","Between scenes from his concert in S��o Paulo's Theatro Municipal, rapper and activist Emicida celebrates the rich legacy of Black Brazilian cult"
1594,s1595,Movie,Leyla Everlasting,Unknown,"Demet Akba��, Haluk Bilginer, El��in Sangu, F��rat Tan����, Alican Y��cesoy, Emre K��v��lc��m, Ha",Turkey,"December 4, 2020",2020,TV-MA,113 min,"Comedies, International Movies","A resilient housewife, her husband and their marriage therapist become mired in a toxic love triangle and a plot to obtain an antique manuscript."
1607,s1608,Movie,Hazel Brugger: Tropical,Unknown,Hazel Brugger,Germany,"December 2, 2020",2020,TV-MA,58 min,Stand-Up Comedy,"In this stand-up special, comedian Hazel Brugger offers her breezy takes on unruly geese, chatty gynecologists, German bank loans and more."
1738,s1739,Movie,A Christmas Catch,Unknown,"Emily Alatalo, Lauren Holly, Yanic Truesdale, Franco Lo Presti, Andrew Bushell, Genelle Williams, Kyana Teresa, Eric Hicks",Canada,"November 4, 2020",2018,TV-G,87 min,"Dramas, Romantic Movies",A cop working undercover to trail a possible diamond thief gets caught in a tricky spot when she finds new clues ��� and new feelings ��� for 
1932,s1933,Movie,The Boys in the Band: Something Personal,Unknown,"Jim Parsons, Zachary Quinto, Matt Bomer, Andrew Rannells, Charlie Carver, Robin de Jes��s, Brian Hutchison, Michael Benjamin Washington, Tuc Watkins, Joe Mantello, Ned Martel, Mart Cro",United States,"September 30, 2020",2020,TV-MA,28 min,"Documentaries, LGBTQ Movies","Decades after his play first put gay life center stage, Mart Crowley joins the cast and crew of the 2020 film to reflect on the story's enduring legacy."
2384,s2385,Movie,The Show Must Go On: The Queen + Adam Lambert Story,Unknown,"Adam Lambert, Brian May, Roger Taylor","United Kingdom, United States","June 15, 2020",2019,TV-MA,85 min,"Documentaries, Music & Musicals","With rare footage and candid interviews, this documentary details the serendipitous pairing of legendary rock band Queen and powerhouse Adam Lambert."
2440,s2441,Movie,True: Rainbow Rescue,Unknown,"Michela Luci, Jamie Watson, Eric Peterson, Anna Claire Bartlam, Nicolas Aqui, Cory Doran, Julie Lemieux, Derek McGrath",Canada,"June 2, 2020",2020,TV-Y,24 min,Children & Family Movies,True and Bartleby travel to the other side of the Neverending Rainbow to bring back Dillydally ��� a brave explorer who's the Rainbow King's best f
2689,s2690,Movie,Surviving R. Kelly: The Impact,Unknown,R. Kelly,United States,"April 13, 2020",2019,TV-14,85 min,Documentaries,"From public protests to viral movements, the aftermath of the R. Kelly docuseries is explored in this special featuring journalists and experts."
2869,s2870,Movie,Amit Tandon: Family Tandoncies,Unknown,Amit Tandon,India,"February 28, 2020",2019,TV-14,72 min,Stand-Up Comedy,"From the death of romance in marriage to the injustices of modern-day parenting, Amit Tandon shares wisdom and wisecracks as a battle-scarred family guy."
2927,s2928,Movie,Captain Underpants Epic Choice-o-Rama,Unknown,"Nat Faxon, Jay Gragnani, Ramone Hamilton, Sean Astin, Dayci Brookshire, Jorge Diaz, Todd Grimes, Peter Hastings, Evan Kishiyama, David Koechner, Phil LaMarr, Erica Luttrell, Patty Mattson, Brennan Murray, Nolan North",United States,"February 11, 2020",2020,TV-Y7,81 min,"Children & Family Movies, Comedies","In this interactive special, Harold and George need your decision-making skills to stop Krupp from blowing their beloved treehouse to smithereens."
2964,s2965,Movie,Night on Earth: Shot in the Dark,Unknown,Samira Wiley,United Kingdom,"February 1, 2020",2020,TV-PG,59 min,Movies,"This look behind the scenes shows how worldwide camera crews climbed, dived and froze to capture the documentary's groundbreaking night footage."
3172,s3173,Movie,Spirit Riding Free: Spirit of Christmas,Unknown,"Amber Frank, Bailey Gambertoglio, Sydney Park, Evan Agos, Kay Bess, Darcy Rose Byrnes, David Faustino, Gabriella Graves, Duncan Joiner, Katherine McNamara, Nolan North, Tiya Sircar",United States,"December 6, 2019",2019,TV-Y7,46 min,Children & Family Movies,Lucky and friends must figure out how to get home in time for Christmas when a falling boulder ��� and a serious snowstorm ��� derail their t
3181,s3182,Movie,The Irishman: In Conversation,Unknown,"Martin Scorsese, Robert De Niro, Al Pacino, Joe Pesci",United States,"December 5, 2019",2019,TV-MA,24 min,Documentaries,"Join director Martin Scorsese as he sits down with stars Robert De Niro, Al Pacino and Joe Pesci for an intimate, intriguing look inside ""The Irishman."""
3196,s3197,Movie,Lakeeran,Unknown,"Harman Virk, Yuvika Chaudhry, Nirmal Rishi, Shavinder Mahal, B.N. Sharma, Anita Meet, Poonam Sood, B.B. Verma, Satwant Kaur, Gurinder Rai",India,"December 1, 2019",2016,TV-PG,111 min,"Dramas, International Movies, Romantic Movies","Guilt-ridden over his involvement in a fatal car accident, a young ex-pat returns to Punjab, falling for a woman who carries traumas of her own."
3240,s3241,Movie,Mike Birbiglia: What I Should Have Said Was Nothing: Tales from My Secret Public Journal,Unknown,Mike Birbiglia,United States,"November 22, 2019",2008,TV-MA,56 min,Stand-Up Comedy,Mike Birbiglia performs in this live concert special that features a riotous selection of the unique insights and observations culled from his diary.
3314,s3315,Movie,100 Things to do Before High School,Unknown,"Isabela Moner, Jaheem Toombs, Owen Joyner, Jack De Sena, Brady Reiter, Lisa Arch, Stephanie Escajeda",United States,"November 2, 2019",2014,TV-Y,44 min,Movies,"Led by seventh-grader C.J., three students who have been warned about the dangers of high school decide to make the best of their middle-school years."
3350,s3351,Movie,True: Grabbleapple Harvest,Unknown,"Michela Luci, Jamie Watson, Eric Peterson, Anna Claire Bartlam, Nicolas Aqui, Cory Doran, Julie Lemieux, Derek McGrath",Canada,"November 1, 2019",2019,TV-Y,24 min,Children & Family Movies,It's Grabbleapple harvest season in the Rainbow Kingdom ... but Glummy Glooma doesn't want autumn to come. Can True and her friends save the festival?
3442,s3443,Movie,The Spooky Tale of Captain Underpants Hack-a-ween,Unknown,"Nat Faxon, Jay Gragnani, Ramone Hamilton, Sean Astin, Dayci Brookshire, Clancy Brown, Jorge Diaz, Peter Hastings, Evan Kishiyama, David Koechner, Erica Luttrell, Patty Mattson, Brennan Murray, Kevin Michael Richardson, Mindy Sterling, Stephen Tobolowsky, Kari Wahlgren",United States,"October 8, 2019",2019,TV-Y7,46 min,"Children & Family Movies, Comedies","When Melvin tries to cancel Halloween, clever best friends Harold and George create their own spooky holiday ��� and it's a huge su"
3447,s3448,Movie,A Plastic Ocean,Unknown,Tanya Streeter,"United Kingdom, Hong Kong","October 4, 2019",2016,TV-14,100 min,Documentaries,"When he discovers the world's oceans brimming with plastic waste, a documentary filmmaker investigates the pollution's environmental impacts."
3508,s3509,Movie,True: Tricky Treat Day,Unknown,"Michela Luci, Jamie Watson, Eric Peterson, Anna Claire Bartlam, Nicolas Aqui, Cory Doran, Julie Lemieux, Derek McGrath",Canada,"September 20, 2019",2019,TV-Y,24 min,Children & Family Movies,It's up to True and her friends to save the day when a hungry Yeti sneaks a forbidden treat and fills the kingdom with Howling Greenies.
3535,s3536,Movie,American Factory: A Conversation with the Obamas,Unknown,"President Barack Obama, Michelle Obama, Julia Reichert, Steven Bognar",United States,"September 5, 2019",2019,TV-G,10 min,Documentaries,Barack and Michelle Obama talk with directors Steven Bognar and Julia Reichert about the documentary and the importance of storytelling.
3573,s3574,Movie,Our Planet - Behind The Scenes,Unknown,David Attenborough,United Kingdom,"August 20, 2019",2019,TV-G,63 min,Documentaries,Years spent recording footage of creatures from every corner of the globe is bound to produce a bit of drama. Here's a behind-the-scenes look.
3580,s3581,Movie,Invader Zim: Enter the Florpus,Unknown,"Richard Steven Horvitz, Rikki Simons, Andy Berman, Melissa Fahn, Rodger Bumpass, Jhonen Vasquez, Wally Wingert, Kevin McDonald, Olivia d'Abo, Eric Bauza","South Korea, United States","August 16, 2019",2019,TV-Y7,72 min,"Children & Family Movies, Comedies, Sci-Fi & Fantasy","When Zim reappears to begin the next phase of his evil alien plan to conquer Earth, his nemesis Dib Membrane sets out to unmask him once and for all."
3584,s3585,Movie,Super Monsters Back to School,Unknown,"Elyse Maloway, Vincent Tong, Erin Matthews, Andrea Libman, Alessandro Juliani, Nicole Anthony, Diana Kaarina, Gigi Saul Guerrero, Ian James Corlett, Britt McKillip, Kathleen Barr",Canada,"August 16, 2019",2019,TV-Y,24 min,Children & Family Movies,"The Super Monsters welcome Vida to her new home in Pitchfork Pines with a tour of their favorite places, then help her through her first day at school."
3712,s3713,Movie,Hikaru Utada Laughter in the Dark Tour 2018,Unknown,Hikaru Utada,Japan,"June 26, 2019",2018,TV-PG,141 min,"International Movies, Music & Musicals","Celebrating twenty years since her debut, Hikaru Utada takes the stage at Makuhari Messe for the final performance of her Laughter in the Dark Tour."
3827,s3828,Movie,Still LAUGH-IN: The Stars Celebrate,Unknown,"Lily Tomlin, Tiffany Haddish, Neil Patrick Harris, Michael Douglas, Snoop Dogg, Billy Crystal, Chelsea Handler, Jay Leno, Rita Wilson, Bill Maher, Tony Hale, Rita Moreno, Bobby Moynihan, Michael Rapaport, Mary McCormack, Rob Riggle, Jon Lovitz, Kenya Barris, Ruth Buzzi, Jo Anne Worley, Loni Anderson, Maria Bamford, Margaret Cho, Deon Cole, Taye Diggs, Ron Funches, Nikki Glaser, Jameela Jamil, Natasha Leggero, Loni Love, Cheri Oteri, Russell Peters, Jeff Ross, Lisa Ann Walter",United States,"May 14, 2019",2019,TV-MA,61 min,Comedies,"This celebration of the groundbreaking comedy show ""Laugh-In"" stars Lily Tomlin, Snoop Dogg, Billy Crystal, Tiffany Haddish, Neil Patrick Harris and more."
3924,s3925,Movie,Francesco De Carlo: Cose di Questo Mondo,Unknown,Francesco De Carlo,Italy,"April 12, 2019",2019,TV-MA,61 min,Stand-Up Comedy,"Taking the stage in Milan, Francesco De Carlo opens up about his bad habits, religion, politics and what he's learned from traveling the world."
4137,s4138,Movie,Free Rein: Valentine's Day,Unknown,"Jaylen Barron, Joe Ashman, Manpreet Bambra, Celine Buckens, Freddy Carter, Bruce Herbelin-Earle, Kerry Ingram, Charlotte Jordan, Geoffrey McGivern, Martin Bobb-Semple, Sadie Simm, Carla Woodcock",United States,"February 1, 2019",2019,TV-G,51 min,"Children & Family Movies, Dramas","Love is in the air as Zoe and friends go on a quest to find a fabled Maid's Stone. But when rivalry blinds them to danger, it's Raven to the rescue!"
4145,s4146,Movie,True: Happy Hearts Day,Unknown,"Michela Luci, Jamie Watson, Eric Peterson, Cory Doran, Nicolas Aqui","United States, Canada","February 1, 2019",2019,TV-Y,24 min,Children & Family Movies,"True and Bartleby try to cheer up the Rainbow Kingdom���s loneliest citizen, but his gloomy mood is contagious! Can a trio of wishes turn things a"
4175,s4176,Movie,Close,Unknown,"Noomi Rapace, Sophie N��lisse, Indira Varma, George Georgiou, Christopher Sciueref, Eoin Ma","United Kingdom, United States","January 18, 2019",2019,TV-MA,95 min,"Action & Adventure, International Movies","When attackers target the heiress she's protecting, battle-hardened bodyguard Sam scrambles to save her client ��� and teach her how to fight"
4235,s4236,Movie,Gina Yashere: Skinny B*tch,Unknown,Gina Yashere,United Kingdom,"December 31, 2018",2008,TV-MA,58 min,Stand-Up Comedy,"Standup comedian and ""Daily Show"" correspondent Gina Yashere delivers a sharp set of wry observations on the environment, money and more."
4240,s4241,Movie,Sam Kinison: The Scream Continues,Unknown,Sam Kinison,United States,"December 31, 2018",2016,TV-MA,29 min,Documentaries,Sam's brother and former manager Bill Kinison speaks about the late comedian's journey from preacher to standup legend.
4241,s4242,Movie,Secrets in the Hot Spring,Unknown,"Chang Ting-hu, Hong Yan-xiang, Lin He Xuan, Kuo Shu-yao, Law Kar-Ying, Mimi Chu",Taiwan,"December 31, 2018",2018,TV-14,108 min,"Comedies, Horror Movies, International Movies","When three teen outcasts arrive at a hot springs hotel to help run things, creepy incidents prompt comical efforts to find what lurks in their midst."
4245,s4246,Movie,Tim Allen: ReWires America,Unknown,Tim Allen,United States,"December 31, 2018",1991,TV-MA,30 min,Stand-Up Comedy,"Standup star Tim Allen storms the stage for a set chock-full of observations about powerful cars, beautiful lawns and more of the things he loves."
4253,s4254,Movie,Black Mirror: Bandersnatch,Unknown,"Fionn Whitehead, Will Poulter, Craig Parkinson, Alice Lowe, Asim Chaudhry",United States,"December 28, 2018",2018,TV-MA,312 min,"Dramas, International Movies, Sci-Fi & Fantasy","In 1984, a young programmer begins to question reality as he adapts a dark fantasy novel into a video game. A mind-bending tale with multiple endings."
4386,s4387,Movie,The Princess Switch,Unknown,"Vanessa Hudgens, Sam Palladio, Nick Sagar, Suanne Braun, Mark Fleischmann, Amy Griffiths, Sara Stewart, Pavel Douglas, Robin Soans, Calliope Taylor, Natali Yura, Alexa Adeosun",United States,"November 16, 2018",2018,TV-G,102 min,"Children & Family Movies, Dramas, Romantic Movies","When a down-to-earth Chicago baker and a soon-to-be princess discover they look like twins, they hatch a Christmastime plan to trade places."
4412,s4413,Movie,John Leguizamo's Latin History for Morons,Unknown,John Leguizamo,United States,"November 5, 2018",2018,TV-MA,90 min,Stand-Up Comedy,"In this one-man Broadway show, John Leguizamo finds humor and heartbreak as he traces 3,000 years of Latin history in an effort to help his bullied son."
4465,s4466,Movie,Yeh Hai Bakrapur,Unknown,"Amit Sial, Yoshika Verma, Anshuman Jha, Asif Basra, Suruchi Aulakh",India,"November 1, 2018",2014,TV-PG,95 min,"Comedies, Dramas, Independent Movies","A poor family���s goat suddenly acquires divine status, sparking a widespread frenzy as everyone clamors to benefit from its unexpected cele"
4546,s4547,Movie,Monty Python: Live at Aspen,Unknown,"Robert Klein, John Cleese, Terry Gilliam, Eric Idle, Terry Jones, Michael Palin, Graham Chapman, Eddie Izzard",United States,"October 2, 2018",1998,TV-MA,58 min,"Comedies, Documentaries",The members of Monty Python reunite on stage to talk about making their iconic show that changed sketch comedy forever.
4631,s4632,Movie,Rafinha Bastos: Ultimatum,Unknown,Rafinha Bastos,Brazil,"September 21, 2018",2018,TV-MA,63 min,Stand-Up Comedy,"An off-color joke nearly cost him everything. Brazilian comic Rafinha Bastos talks about that and much more, from his divorce to finding love again."
4644,s4645,Movie,Reversing Roe,Unknown,"Ricki Stern, Annie Sundberg",United States,"September 13, 2018",2018,TV-14,100 min,Documentaries,"Through interviews with abortion rights supporters and opponents, this film lifts the lid on a decades-long political campaign to overturn Roe v. Wade."
4695,s4696,Movie,Party Monster: Scratching the Surface,Unknown,"Ellie Kemper, Jane Krakowski, Tituss Burgess, Carol Kane, Jon Hamm, Bobby Moynihan, Lauren Adams, Sara Chase, Sol Miranda, Derek Klena, Aidy Bryant",United States,"August 17, 2018",2018,TV-14,33 min,Comedies,"In the probing documentary ""Party Monster,"" DJ Fingablast investigates what became of his childhood hero, DJ Slizzard."
4761,s4762,Movie,Father of the Year,Unknown,"David Spade, Nat Faxon, Joey Bragg, Matt Shively, Bridgit Mendler, Jackie Sandler, Mary Gillis",United States,"July 20, 2018",2018,TV-MA,95 min,Comedies,A drunken debate between two recent college grads about whose father would win in a fight leads to mayhem when their dads take the challenge seriously.
4766,s4767,Movie,El club de los buenos infieles,Unknown,"Ra��l Fern��ndez, Fele Mart��nez, Juanma Cifuentes, Hovik Keuchkerian, Albert Ribalta, Jordi Vilches, Adri��n Lastra, Raquel Salvador, Marta Bruca",Spain,"July 19, 2018",2018,TV-MA,85 min,"Comedies, International Movies",Four childhood buddies in passionless marriages try a counterintuitive idea: a secret club for men who want to cheat ��� to regain lust for their 
4820,s4821,Movie,Derren Brown: Miracle,Unknown,Derren Brown,United Kingdom,"June 22, 2018",2018,TV-MA,74 min,International Movies,"Illusionist Derren Brown reinvents the concept of ""faith healing��� through a series of stunts that debunk the confines of fear, pain and disb"
4895,s4896,Movie,Pocoyo Halloween: Space Halloween,Unknown,"Stephen Fry, Montana Smedley",United States,"May 1, 2018",2015,TV-Y,40 min,Movies,Pocoyo and his friends have a costume contest to celebrate Halloween and learn new things about planets and stars in space.
5005,s5006,Movie,Adel Karam: Live from Beirut,Unknown,Adel Karam,United States,"March 1, 2018",2018,TV-MA,59 min,Stand-Up Comedy,"From Casino du Liban, Lebanese actor and comedian Adel Karam delivers earthy punchlines on kissing norms, colonoscopies and a porn star named Rocco."
5023,s5024,Movie,Derren Brown: The Push,Unknown,Derren Brown,United Kingdom,"February 27, 2018",2018,TV-MA,69 min,Movies,Mentalist Derren Brown engineers an audacious social experiment demonstrating how manipulation can lead an ordinary person to commit an appalling act.
5061,s5062,Movie,Mau Nieto: Viviendo sobrio��� desde ,Unknown,Mau Nieto,Mexico,"January 26, 2018",2018,TV-MA,57 min,Stand-Up Comedy,"Performing at a bar, Mexican stand-up comedian Mau Nieto dishes on his modest upbringing, his failed relationships and his attempts to stay sober."
5078,s5079,Movie,Katt Williams: Great America,Unknown,Katt Williams,United States,"January 16, 2018",2018,TV-MA,60 min,Stand-Up Comedy,"The King of underground comedy delivers unflinching riffs��on the American political climate, racial tensions, sex and his disdain for roast b"
5087,s5088,Movie,Alejandro Ria��o: Especial de stan,Unknown,Alejandro Ria�,Colombia,"January 10, 2018",2018,TV-MA,60 min,Stand-Up Comedy,"Colombian comedian Alejandro Ria��o discusses the perks of dating a she-wolf, styles of dancing, the quirks of Bogot�� men and soccer game ann"
5140,s5141,Movie,DreamWorks Home: For the Holidays,Unknown,"Rachel Crow, Mark Whitten, Kelly Clarkson, Ana Ortiz, Ben Schwartz, Ron Funches, Matt Jones",United States,"December 1, 2017",2017,TV-Y,46 min,"Children & Family Movies, Comedies, Music & Musicals","Oh takes it upon himself to introduce Christmas joy to his fellow Boovs. Unfortunately, his well-meaning mission nearly destroys the city."
5295,s5296,Movie,Chadi Jawani Budhe Nu,Unknown,Anand,India,"September 1, 2017",1976,TV-PG,135 min,"Comedies, International Movies, Romantic Movies","After reaching his 40th birthday, an egotistical businessman kicks off his midlife crisis by deciding to secure a mistress."
5553,s5554,Movie,Bridget Christie: Stand Up for Her,Unknown,Bridget Christie,United Kingdom,"March 31, 2017",2016,TV-MA,51 min,Stand-Up Comedy,"Performing stand-up for a packed house in London's Hoxton Hall, comedian Bridget Christie dives into the politics of gender, sex and equality."
5611,s5612,Movie,Grillo vs Grillo,Unknown,Beppe Grillo,Italy,"February 10, 2017",2017,TV-MA,96 min,Stand-Up Comedy,"Outspoken comedian Beppe Grillo reminisces about his long career, including the triumphs and controversies that fueled his rise in Italian politics."
5798,s5799,Movie,Jandino: Whatever it Takes,Unknown,Jandino Asporaat,United Kingdom,"September 9, 2016",2016,TV-MA,94 min,Stand-Up Comedy,"Jandino Asporaat riffs on the challenges of raising kids and serenades the audience with a rousing rendition of ""Sex on Fire"" in his comedy show."
5850,s5851,Movie,Patton Oswalt: Talking for Clapping,Unknown,Patton Oswalt,United States,"April 22, 2016",2016,TV-MA,66 min,Stand-Up Comedy,"On stage in San Francisco, the comedian covers topics like old people getting drugs, his worst stand-up set, gay proms and a horrible birthday clown."
5920,s5921,Movie,BoJack Horseman Christmas Special: Sabrina's Christmas Wish,Unknown,"Will Arnett, Aaron Paul, Alison Brie, Adam Conover, Kristen Schaal, Fred Savage",United States,"December 19, 2014",2014,TV-MA,26 min,Movies,"It's Christmas, and BoJack wants nothing to do with it. Then Todd shows up with a giant candy cane and an old ""Horsin' Around"" Christmas episode."
5967,s5968,Movie,'89,Unknown,"Lee Dixon, Ian Wright, Paul Merson",United Kingdom,"May 16, 2018",2017,TV-PG,87 min,Sports Movies,"Mixing old footage with interviews, this is the story of Arsenal's improbable win versus Liverpool in the final moments of the 1989 championship game."
5997,s5998,Movie,2015 Dream Concert,Unknown,"4Minute, B1A4, BtoB, ELSIE, EXID, EXO, Got7, INFINITE, KARA, Shinee, Sistar, VIXX, Nine Muses, BTS, Secret, Topp Dogg",South Korea,"April 28, 2017",2015,TV-PG,107 min,"International Movies, Music & Musicals","The world's biggest K-pop festival marked its 21st year in 2015, with groups such as EXO, 4Minute and SHINee electrifying the Seoul World Cup Stadium."
6077,s6078,Movie,Abdo Mota,Unknown,Mohamed Ramadan,Egypt,"April 19, 2019",2012,TV-MA,100 min,"Action & Adventure, Dramas, International Movies","Following the mysterious death of his parents, a young man finds himself enmeshed in the dark world of drugs and crime."
6650,s6651,Movie,Driven to Dance,Unknown,"Juliet Doherty, Kaitlyn Black",United States,"January 16, 2019",2018,TV-PG,99 min,Dramas,"A young dancer grapples with her dream to join a famed ballet company against the wishes of her mother, who pushes her to pursue a more practical path."
6707,s6708,Movie,Ethirmarai,Unknown,"Ramanathan, Rakesh",India,"April 1, 2018",2018,TV-14,91 min,"International Movies, Music & Musicals, Thrillers","While investigating a brutal string of deaths, a detective begins to suspect that mind control may have played a part in the murders."
6811,s6812,Movie,Frozen Planet: On Thin Ice,Unknown,David Attenborough,"United Kingdom, United States, Spain, Germany, Greece, Canada","January 28, 2016",2011,TV-PG,47 min,Movies,David Attenborough journeys to both polar regions to investigate what rising temperatures will mean for the people and wildlife that live there.
6812,s6813,Movie,Frozen Planet: The Epic Journey,Unknown,David Attenborough,"United Kingdom, United States, Spain, Germany, Greece, Canada","January 28, 2016",2011,TV-PG,52 min,Movies,"Collecting highlights from the epic documentary series that explores the entire polar year and the inhabitants, from the north to the south."
6833,s6834,Movie,Gender Revolution: A Journey with Katie Couric,Unknown,Katie Couric,United States,"February 1, 2018",2017,TV-PG,90 min,"Documentaries, LGBTQ Movies","Katie Couric explores our evolving understanding of gender identity, speaking with transgender and intersex individuals about their experiences."
6907,s6908,Movie,Haapus,Unknown,"Makarand Anaspure, Madhura Velankar, Subodh Bhave",India,"March 15, 2018",2010,TV-14,138 min,"Comedies, Dramas, International Movies",The son of an astrologer faces opposition from his superstitious father regarding his scheme of launching a mango business.
7168,s7169,Movie,Kanika,Unknown,"Sharad Ponkshe, Smita Shewale",India,"March 1, 2018",2017,TV-14,110 min,"Horror Movies, International Movies, Thrillers",A doctor and his colleagues who use sex-determination testing for unethical ends face retribution from a supernatural victim who seeks vengeance.
7263,s7264,Movie,Lady-Like,Unknown,"Allie Gallerani, Beverly D'Angelo, Olivia Luccardi, Stephanie Simbari, Nick Clark, Brian Wiles",United States,"January 18, 2019",2018,NC-17,83 min,"Comedies, Independent Movies","After she pushes her best friend Kort to date a handsome transfer student, college student Allie is left to tackle adulthood on her own."
7570,s7571,Movie,Nature: Raising the Dinosaur Giant,Unknown,David Attenborough,United States,"March 1, 2017",2016,TV-G,53 min,Documentaries,Sir David Attenborough examines a recently discovered collection of dinosaur fossils. CGI and 3-D scans reveal what the beast may have looked like.
7599,s7600,Movie,NOVA: Bird Brain,Unknown,Craig Sechler,United States,"July 1, 2019",2017,TV-G,53 min,"Children & Family Movies, Documentaries",Scientists test avian aptitude and challenge concepts of intelligence with examples ranging from puzzle-solving crows to parrots with a sense of time.
7610,s7611,Movie,NOVA: Killer Floods,Unknown,Craig Sechler,United States,"July 1, 2019",2017,TV-PG,54 min,Documentaries,Scientists search for evidence left behind by the world���s greatest floods and predict if climate change will cause even greater aquatic disa
7662,s7663,Movie,One Heart: The A.R. Rahman Concert Film,Unknown,A.R. Rahman,India,"November 1, 2017",2017,TV-G,87 min,"Documentaries, International Movies, Music & Musicals","In this concert film, Indian musical maestro A.R. Rahman performs 15 of his most popular songs and reveals himself through interviews and clips."
7685,s7686,Movie,Our Shining Days,Unknown,"Lulu Xu, Yuchang Peng, Mingjie Luo, Yongxi Liu, Zhongyu Han, Zhaohua Lu",China,"July 1, 2018",2017,TV-PG,103 min,"Comedies, Dramas, International Movies","In a battle of the bands, a percussions student and her musical kindred spirits set out to prove the merits of Chinese folk against the Western canon."
7774,s7775,Movie,"Power Rangers Samurai: Christmas Together, Friends Forever (Christmas Special)",Unknown,"Alex Heartman, Erika Fong, Hector David Jr., Najee De-Tiege, Brittany Anne Pirtle, Steven Skyler, Rene Naufahu, Felix Ryan, Paul Schrier",United States,"January 1, 2016",2011,TV-Y7,24 min,Movies,"On Christmas Eve, as the teens at Shiba House reflect on their first year together, they get an unexpected lesson on the true spirit of the holidays."
7775,s7776,Movie,Power Rangers Samurai: Clash of the Red Rangers,Unknown,"Alex Heartman, Erika Fong, Hector David Jr., Najee De-Tiege, Brittany Anne Pirtle, Rene Naufahu",United States,"January 1, 2016",2011,TV-Y7,46 min,Children & Family Movies,The Samurai Rangers team up with the RPM Ranger Red to fight off Master Xandred's Mooger army and a robotic villain from the RPM Ranger's dimension.
7776,s7777,Movie,Power Rangers Samurai: Party Monsters (Halloween Special),Unknown,"Alex Heartman, Erika Fong, Hector David Jr., Najee De-Tiege, Brittany Anne Pirtle, Steven Skyler, Rene Naufahu, Felix Ryan, Paul Schrier, Ricardo Medina Jr.",United States,"January 1, 2016",2011,TV-Y7,24 min,Movies,"On Halloween night, the creepiest creatures from the Netherworld trade war stories about their battles with the Samurai Power Rangers."
7780,s7781,Movie,Power Rangers Super Samurai: Stuck on Christmas,Unknown,"Alex Heartman, Najee De-Tiege, Hector David Jr., Erika Fong, Brittany Anne Pirtle, Steven Skyler, Paul Schrier, Felix Ryan, Jeff Szusterman, Stig Alred, Kate Elliot",United States,"January 1, 2016",2012,TV-Y7,24 min,"Children & Family Movies, Sci-Fi & Fantasy",The Samurai Rangers get stuck in the Megazord's cockpit on Christmas Eve when it breaks down. Can the Rangers get out in time for Christmas?
7781,s7782,Movie,Power Rangers Super Samurai: Trickster Treat,Unknown,"Alex Heartman, Najee De-Tiege, Hector David Jr., Erika Fong, Brittany Anne Pirtle, Steven Skyler, Rene Naufahu, Paul Schrier, Felix Ryan, Jeff Szusterman, Stig Alred, Kate Elliot",United States,"January 1, 2016",2012,TV-Y7,23 min,Movies,"When a Nighlok invades the Samurai Rangers' dreams and turns them into nightmares, the Rangers must figure out what is reality and what is illusion."
7787,s7788,Movie,Power Rangers: Megaforce: Raising Spirits,Unknown,"Andrew M. Gray, John Mark Loudermilk, Ciara Hanna, Azim Rizk, Christina Masterson, Shailesh Prajapati, Ian Harcourt",United States,"January 1, 2016",2013,TV-Y7,24 min,Children & Family Movies,"On Halloween, the scariest night of the year, the Rangers have a strange encounter with a mysterious medium who conjures ""visions"" of monsters past."
8000,s8001,Movie,She Did That,Unknown,"Luvvie Ajayi, Renae Bluitt, Melissa Butler, Lisa Price, Tonya Rapley",United States,"February 4, 2020",2019,TV-PG,71 min,Documentaries,"Go inside the lives of extraordinary, black female entrepreneurs as they discuss building legacies and pioneering a new future for the next generation."
8231,s8232,Movie,The Bund,Unknown,Chow Yun Fat,Hong Kong,"September 20, 2018",1983,TV-14,103 min,"Action & Adventure, Dramas, International Movies","After losing everything, a young man rebuilds his life and finds love in 1920s Shanghai ��� all while rising to power in an organized crime synd"
8330,s8331,Movie,The Great Battle,Unknown,"Zo In-sung, Nam Joo-hyuk, Park Sung-woong, Bae Seong-woo, Seolhyun, Jung Eun-chae, Yu Oh-seong, Sung Dong-il, Oh Dae-whan",South Korea,"April 8, 2019",2018,TV-MA,136 min,"Action & Adventure, Dramas, International Movies","In seventh-century Korea, the commander of Ansi Fortress, Yang Man-chun, combats Tang invaders in a retelling of an epic clash against all odds."
8647,s8648,Movie,"Twisted Trunk, Big Fat Body",Unknown,"Vijay Maurya, Naman Jain, Usha Nadkarni, Mukesh Chhabra, Prarthana Behere, Jayant Gadekar, Aditi Keskar, Murari Kumar",India,"January 15, 2017",2015,TV-14,89 min,"Dramas, International Movies","After terrorists place a bomb inside a toy Lord Ganesha, a child takes off with the dangerous doll, setting it on a course throughout all of Mumbai."
8784,s8785,Movie,Yoko and His Friends,Unknown,"Eileen Stevens, Alyson Leigh Rosenfeld, Sarah Natochenny, H.D. Quinn","Russia, Spain","June 23, 2018",2015,TV-Y,78 min,Children & Family Movies,"Vik meets new friends in a new city, where they go on exciting adventures together with a magical being. But soon, his family must move again."
